Workbook

Sheet Portfolio_Dashboard
A1: BÁO CÁO TỔNG QUAN QUẢN LÝ DANH MỤC DỰ ÁN CNTT (IT PORTFOLIO DASHBOARD)
A2: Chuỗi cửa hàng ABC Wear | Kỳ đánh giá: Q1 - Q2/2026 | Đơn vị tính: VNĐ
A4: CHỈ SỐ HIỆU SUẤT DANH MỤC DỰ ÁN (PORTFOLIO KPIS)
A5: TỔNG SỐ DỰ ÁN | C5: TỔNG NGÂN SÁCH DỰ BÓAN | E5: TỔNG GIÁ TRỊ GIẢI NGÂN | G5: ĐIỂM ƯU TIÊN TRUNG BÌNH
A6: =COUNTA(Project_Inventory_Selection!B6:B11) | C6: =SUM(Project_Inventory_Selection!E6:E11) | E6: =SUM(Project_Inventory_Selection!F6:F11) | G6: =AVERAGE(Project_Inventory_Selection!K6:K11)
A9: TỔNG HỢP DANH MỤC THEO TRẠNG THÁI VÀ MỨC ĐỘ RỦI RO
A10: Trạng thái Dự án | B10: Số lượng Dự án | C10: Tổng Ngân sách (VNĐ) | D10: Tỷ trọng Ngân sách (%)
A11: Executing | B11: =COUNTIF(Project_Inventory_Selection!L6:L11, "Executing") | C11: =SUMIF(Project_Inventory_Selection!L6:L11, "Executing", Project_Inventory_Selection!E6:E11) | D11: =C11/$C$15
A12: Planning | B12: =COUNTIF(Project_Inventory_Selection!L6:L11, "Planning") | C12: =SUMIF(Project_Inventory_Selection!L6:L11, "Planning", Project_Inventory_Selection!E6:E11) | D12: =C12/$C$15
A13: Initiating | B13: =COUNTIF(Project_Inventory_Selection!L6:L11, "Initiating") | C13: =SUMIF(Project_Inventory_Selection!L6:L11, "Initiating", Project_Inventory_Selection!E6:E11) | D13: =C13/$C$15
A14: Completed | B14: =COUNTIF(Project_Inventory_Selection!L6:L11, "Completed") | C14: =SUMIF(Project_Inventory_Selection!L6:L11, "Completed", Project_Inventory_Selection!E6:E11) | D14: =C14/$C$15
A15: TỔNG CỘNG | B15: =SUM(B11:B14) | C15: =SUM(C11:C14) | D15: =SUM(D11:D14)

Sheet Project_Inventory_Selection
A1: DANH MỤC DỰ ÁN CHIẾN LƯỢC VÀ MA TRẬN ĐÁNH GIÁ ƯU TIÊN (PORTFOLIO SELECTION MATRIX)
A5: Mã DA | B5: Tên Dự Án Chiến Lược | C5: Sponsor / Don vi | D5: PM Phụ Trách | E5: Ngân Sách (VNĐ) | F5: Chi Phí Thực Tế (VNĐ) | G5: Go-Live Dự Kiến | H5: Strategic Align (1-5) | I5: Risk Rating (1-5) | J5: ROI Dự Kiến (%) | K5: Điểm Ưu Tiên Score | L5: Trạng Thái
A6: PRJ-01 | B6: Hệ thống Kênh bán hàng Internet (Web Selling Site) | C6: Khối Retail | D6: Nguyễn Văn A | E6: 1200000000 | F6: 825600000 | G6: 2026-07-01 | H6: 5 | I6: 2 | J6: 0.35 | K6: =(H6*0.4)+(J6*100*0.4)-(I6*0.2) | L6: Executing
A7: PRJ-02 | B7: Nâng cấp Tích hợp Hệ thống Lõi (Main System Core Upgrade) | C7: Khối IT | D7: Trần Văn B | E7: 850000000 | F7: 300000000 | G7: 2026-08-15 | H7: 5 | I7: 3 | J7: 0.25 | K7: =(H7*0.4)+(J7*100*0.4)-(I7*0.2) | L7: Executing
A8: PRJ-03 | B8: Hệ thống Đồng bộ Chuỗi Cửa hàng CRM-POS Omnichannel | C8: Khối Marketing | D8: Lê Thị C | E8: 600000000 | F8: 50000000 | G8: 2026-10-30 | H8: 4 | I8: 2 | J8: 0.2 | K8: =(H8*0.4)+(J8*100*0.4)-(I8*0.2) | L8: Planning
A9: PRJ-04 | B9: Tự động hóa Quản lý Kho & Logistics (WMS Smart) | C9: Khối Vận hành | D9: Phạm Văn D | E9: 950000000 | F9: 0 | G9: 2026-12-15 | H9: 4 | I9: 4 | J9: 0.3 | K9: =(H9*0.4)+(J9*100*0.4)-(I9*0.2) | L9: Initiating
A10: PRJ-05 | B10: Ứng dụng Di động Bán hàng (Mobile Shopping App) | C10: Khối Retail | D10: Hoàng Văn E | E10: 700000000 | F10: 0 | G10: 2027-02-28 | H10: 3 | I10: 3 | J10: 0.18 | K10: =(H10*0.4)+(J10*100*0.4)-(I10*0.2) | L10: Initiating
A11: PRJ-06 | B11: Hệ thống Phân tích Dữ liệu Khách hàng (AI Analytics) | C11: Khối BI | D11: Đỗ Thị F | E11: 500000000 | F11: 500000000 | G11: 2026-02-15 | H11: 4 | I11: 1 | J11: 0.22 | K11: =(H11*0.4)+(J11*100*0.4)-(I11*0.2) | L11: Completed
A12: TỔNG / TRUNG BÌNH | E12: =SUM(E6:E11) | F12: =SUM(F6:F11) | H12: =AVERAGE(H6:H11) | I12: =AVERAGE(I6:I11) | J12: =AVERAGE(J6:J11) | K12: =AVERAGE(K6:K11)

Sheet Resource_Capacity_Planning
A1: KẾ HOẠCH PHÂN BỔ NGUỒN LỰC NHÂN SỰ TOÀN DANH MỤC (RESOURCE CAPACITY PLANNING)
A5: Mã Vai Trò | B5: Chức Danh Nhân Sự | C5: Định Mức Giờ / Tháng | D5: PRJ-01 (Selling Site) | E5: PRJ-02 (Core Upgrade) | F5: PRJ-03 (CRM-POS) | G5: Tổng Giờ Phân Bổ | H5: Tỷ Lệ Tải Trọng (%)
A6: PM | B6: Quản lý dự án (Project Manager) | C6: 160 | D6: 60 | E6: 50 | F6: 40 | G6: =SUM(D6:F6) | H6: =G6/C6
A7: SA | B7: Kiến trúc sư hệ thống (System Architect) | C7: 160 | D7: 50 | E7: 60 | F7: 30 | G7: =SUM(D7:F7) | H7: =G7/C7
A8: BA | B8: Chuyên viên Phân tích Nghiệp vụ | C8: 160 | D8: 70 | E8: 40 | F8: 40 | G8: =SUM(D8:F8) | H8: =G8/C8
A9: UX | B9: Thiết kế Giao diện (UI/UX Designer) | C9: 160 | D9: 40 | E9: 20 | F9: 30 | G9: =SUM(D9:F9) | H9: =G9/C9
A10: DEV | B10: Kỹ sư Lập trình (Lead Developer) | C10: 160 | D10: 100 | E10: 40 | F10: 20 | G10: =SUM(D10:F10) | H10: =G10/C10
A11: QC | B11: Chuyên viên Kiểm thử (QA/QC Lead) | C11: 160 | D11: 60 | E11: 40 | F11: 30 | G11: =SUM(D11:F11) | H11: =G11/C11
A12: OPS | B12: Kỹ sư Hạ tầng & Vận hành Cloud | C12: 160 | D12: 50 | E12: 50 | F12: 20 | G12: =SUM(D12:F12) | H12: =G12/C12
