Workbook

Sheet HUONG_DAN
A1: Dự toán chi phí nhân công – Website bán hàng trực tuyến ABC Wear (biểu mẫu)
A2: Biểu mẫu trống có công thức. File không chứa lương, thu nhập hay hệ số lương của bất kỳ cá nhân nào.
A4: Phạm vi biểu mẫu | B4: Chi phí nhân công Bên B tính theo VAI TRÒ = ngày công × đơn giá ngày công của vai trò. Không lập bảng lương theo từng người – theo nguyên tắc dự án mục 12.
A5: Ô nền vàng, chữ xanh | B5: Ô nhập: đơn giá, tham số %, ngày công theo gói, ngày công theo tháng, tháng bắt đầu.
A6: Chữ đen | B6: Công thức – không nhập đè. Chữ xanh lá: liên kết từ sheet khác.
A7: <<THIẾU>> | B7: Ô kết quả hiển thị <<THIẾU>> cho tới khi nhập đủ dữ liệu đầu vào.
A8: Bước 1 – DON_GIA | B8: Nhập đơn giá ngày công cho 7 vai trò (đơn giá chào thầu hoặc định mức nội bộ của đơn vị) kèm nguồn; nhập các tham số %.
A9: Bước 2 – NGAY_CONG_WBS | B9: Nhập ngày công theo vai trò cho từng gói cấp 2. Số liệu lấy từ cột N–T của WBS_Nhom9_v3.xlsx sau khi có ước lượng (TD-W01).
A10: Bước 3 – THEO_THANG | B10: Phân bổ ngày công theo tháng theo lịch WBS v3; dòng kiểm tra báo LỆCH nếu tổng theo tháng khác tổng theo WBS.
A11: Bước 4 – TONG_HOP | B11: Xem chi phí theo vai trò, theo giai đoạn, chi phí chung, dự phòng, thuế và tổng dự toán.
A12: Phạm vi chưa chốt | B12: Cột "Phạm vi chưa chốt" nêu các gói chờ MT-01, MT-02, MT-W01, MT-W02, MT-W05. Nên lập dự toán tách riêng phần RFP và phần bổ sung khi chào giá.
A13: Lưu ý | B13: Dự toán chỉ gồm chi phí nhân công Bên B. Hạ tầng, bản quyền, cổng thanh toán, đi lại… chưa có trong biểu mẫu (xem GIA_DINH).

Sheet Đơn giá
A1: Đơn giá ngày công theo vai trò và tham số
A3: Vai trò | B3: Đơn giá ngày công (VNĐ/giờ) | C3: Nguồn đơn giá | D3: Ghi chú
A4: Quản lý dự án | B4: 300000 | C4: HSDT
A5: Kiến trúc hệ thống | B5: 280000 | C5: HSDT
A6: Phân tích nghiệp vụ | B6: 250000 | C6: HSDT
A7: Thiết kế giao diện | B7: 220000 | C7: HSDT
A8: Lập trình | B8: 200000 | C8: HSDT
A9: Kiểm thử | B9: 180000 | C9: HSDT
A10: Hạ tầng và vận hành | B10: 180000 | C10: HSDT

Sheet Theo WBS theo vai trò
A1: Ngày công theo gói WBS cấp 2
A3: Mã WBS | B3: Gói công việc | C3: PM | D3: SA | E3: BA | F3: UX | G3: DEV | H3: QA | I3: OPS | J3: Tổng ngày công | K3: Chi phí nhân công (VNĐ) | L3: Ghi chú
A4: 1 | B4: Quản lý dự án | C4: =SUM(C5,C6,C7,C8) | D4: =SUM(D5,D6,D7,D8) | E4: =SUM(E5,E6,E7,E8) | F4: =SUM(F5,F6,F7,F8) | G4: =SUM(G5,G6,G7,G8) | H4: =SUM(H5,H6,H7,H8) | I4: =SUM(I5,I6,I7,I8) | J4: =IF(COUNT(C4:I4)=0,"<<THIẾU>>",SUM(C4:I4)) | K4: =IF(COUNT(C4:I4)=0,"<<THIẾU>>",IF(COUNT('Đơn giá'!$B$4:$B$10)<7,"<<THIẾU: đơn giá>>",N(C4)*'Đơn giá'!$B$4+N(D4)*'Đơn giá'!$B$5+N(E4)*'Đơn giá'!$B$6+N(F4)*'Đơn giá'!$B$7+N(G4)*'Đơn giá'!$B$8+N(H4)*'Đơn giá'!$B$9+N(I4)*'Đơn giá'!$B$10))
A5: 1.1 | B5: Khởi động dự án | C5: 12 | D5: 4 | E5: 4 | F5: 4 | G5: 4 | H5: 4 | I5: 2 | J5: =IF(COUNT(C5:I5)=0,"<<THIẾU>>",SUM(C5:I5)) | K5: =IF(COUNT(C5:I5)=0,"<<THIẾU>>",IF(COUNT('Đơn giá'!$B$4:$B$10)<7,"<<THIẾU: đơn giá>>",N(C5)*'Đơn giá'!$B$4+N(D5)*'Đơn giá'!$B$5+N(E5)*'Đơn giá'!$B$6+N(F5)*'Đơn giá'!$B$7+N(G5)*'Đơn giá'!$B$8+N(H5)*'Đơn giá'!$B$9+N(I5)*'Đơn giá'!$B$10))
A6: 1.2 | B6: Lập kế hoạch dự án | C6: 16 | D6: 8 | E6: 8 | F6: 8 | G6: 8 | H6: 8 | J6: =IF(COUNT(C6:I6)=0,"<<THIẾU>>",SUM(C6:I6)) | K6: =IF(COUNT(C6:I6)=0,"<<THIẾU>>",IF(COUNT('Đơn giá'!$B$4:$B$10)<7,"<<THIẾU: đơn giá>>",N(C6)*'Đơn giá'!$B$4+N(D6)*'Đơn giá'!$B$5+N(E6)*'Đơn giá'!$B$6+N(F6)*'Đơn giá'!$B$7+N(G6)*'Đơn giá'!$B$8+N(H6)*'Đơn giá'!$B$9+N(I6)*'Đơn giá'!$B$10))
A7: 1.3 | B7: Giám sát và kiểm soát | C7: 140 | E7: 12 | J7: =IF(COUNT(C7:I7)=0,"<<THIẾU>>",SUM(C7:I7)) | K7: =IF(COUNT(C7:I7)=0,"<<THIẾU>>",IF(COUNT('Đơn giá'!$B$4:$B$10)<7,"<<THIẾU: đơn giá>>",N(C7)*'Đơn giá'!$B$4+N(D7)*'Đơn giá'!$B$5+N(E7)*'Đơn giá'!$B$6+N(F7)*'Đơn giá'!$B$7+N(G7)*'Đơn giá'!$B$8+N(H7)*'Đơn giá'!$B$9+N(I7)*'Đơn giá'!$B$10))
A8: 1.4 | B8: Kết thúc dự án | C8: 40 | J8: =IF(COUNT(C8:I8)=0,"<<THIẾU>>",SUM(C8:I8)) | K8: =IF(COUNT(C8:I8)=0,"<<THIẾU>>",IF(COUNT('Đơn giá'!$B$4:$B$10)<7,"<<THIẾU: đơn giá>>",N(C8)*'Đơn giá'!$B$4+N(D8)*'Đơn giá'!$B$5+N(E8)*'Đơn giá'!$B$6+N(F8)*'Đơn giá'!$B$7+N(G8)*'Đơn giá'!$B$8+N(H8)*'Đơn giá'!$B$9+N(I8)*'Đơn giá'!$B$10))
A9: 2 | B9: Phân tích hệ thống (System Analysis) | C9: =SUM(C10,C11,C12,C13,C14) | D9: =SUM(D10,D11,D12,D13,D14) | E9: =SUM(E10,E11,E12,E13,E14) | F9: =SUM(F10,F11,F12,F13,F14) | G9: =SUM(G10,G11,G12,G13,G14) | H9: =SUM(H10,H11,H12,H13,H14) | I9: =SUM(I10,I11,I12,I13,I14) | J9: =IF(COUNT(C9:I9)=0,"<<THIẾU>>",SUM(C9:I9)) | K9: =IF(COUNT(C9:I9)=0,"<<THIẾU>>",IF(COUNT('Đơn giá'!$B$4:$B$10)<7,"<<THIẾU: đơn giá>>",N(C9)*'Đơn giá'!$B$4+N(D9)*'Đơn giá'!$B$5+N(E9)*'Đơn giá'!$B$6+N(F9)*'Đơn giá'!$B$7+N(G9)*'Đơn giá'!$B$8+N(H9)*'Đơn giá'!$B$9+N(I9)*'Đơn giá'!$B$10))
A10: 2.1 | B10: Khảo sát hiện trạng (AS-IS) | E10: 60 | F10: 8 | J10: =IF(COUNT(C10:I10)=0,"<<THIẾU>>",SUM(C10:I10)) | K10: =IF(COUNT(C10:I10)=0,"<<THIẾU>>",IF(COUNT('Đơn giá'!$B$4:$B$10)<7,"<<THIẾU: đơn giá>>",N(C10)*'Đơn giá'!$B$4+N(D10)*'Đơn giá'!$B$5+N(E10)*'Đơn giá'!$B$6+N(F10)*'Đơn giá'!$B$7+N(G10)*'Đơn giá'!$B$8+N(H10)*'Đơn giá'!$B$9+N(I10)*'Đơn giá'!$B$10))
A11: 2.2 | B11: Đặc tả yêu cầu chức năng (Specification – RFP tr.4) | E11: 80 | F11: 16 | J11: =IF(COUNT(C11:I11)=0,"<<THIẾU>>",SUM(C11:I11)) | K11: =IF(COUNT(C11:I11)=0,"<<THIẾU>>",IF(COUNT('Đơn giá'!$B$4:$B$10)<7,"<<THIẾU: đơn giá>>",N(C11)*'Đơn giá'!$B$4+N(D11)*'Đơn giá'!$B$5+N(E11)*'Đơn giá'!$B$6+N(F11)*'Đơn giá'!$B$7+N(G11)*'Đơn giá'!$B$8+N(H11)*'Đơn giá'!$B$9+N(I11)*'Đơn giá'!$B$10))
A12: 2.3 | B12: Đặc tả yêu cầu phi chức năng (24 giờ/365 ngày, phản hồi trong 2 giây – RFP tr.2 ②) | D12: 16 | E12: 24 | J12: =IF(COUNT(C12:I12)=0,"<<THIẾU>>",SUM(C12:I12)) | K12: =IF(COUNT(C12:I12)=0,"<<THIẾU>>",IF(COUNT('Đơn giá'!$B$4:$B$10)<7,"<<THIẾU: đơn giá>>",N(C12)*'Đơn giá'!$B$4+N(D12)*'Đơn giá'!$B$5+N(E12)*'Đơn giá'!$B$6+N(F12)*'Đơn giá'!$B$7+N(G12)*'Đơn giá'!$B$8+N(H12)*'Đơn giá'!$B$9+N(I12)*'Đơn giá'!$B$10))
A13: 2.4 | B13: Luồng nghiệp vụ (New Operational Flow – RFP tr.4) | E13: 48 | F13: 16 | J13: =IF(COUNT(C13:I13)=0,"<<THIẾU>>",SUM(C13:I13)) | K13: =IF(COUNT(C13:I13)=0,"<<THIẾU>>",IF(COUNT('Đơn giá'!$B$4:$B$10)<7,"<<THIẾU: đơn giá>>",N(C13)*'Đơn giá'!$B$4+N(D13)*'Đơn giá'!$B$5+N(E13)*'Đơn giá'!$B$6+N(F13)*'Đơn giá'!$B$7+N(G13)*'Đơn giá'!$B$8+N(H13)*'Đơn giá'!$B$9+N(I13)*'Đơn giá'!$B$10))
A14: 2.5 | B14: Trình phê duyệt SRS (M1) | C14: 16 | E14: 8 | J14: =IF(COUNT(C14:I14)=0,"<<THIẾU>>",SUM(C14:I14)) | K14: =IF(COUNT(C14:I14)=0,"<<THIẾU>>",IF(COUNT('Đơn giá'!$B$4:$B$10)<7,"<<THIẾU: đơn giá>>",N(C14)*'Đơn giá'!$B$4+N(D14)*'Đơn giá'!$B$5+N(E14)*'Đơn giá'!$B$6+N(F14)*'Đơn giá'!$B$7+N(G14)*'Đơn giá'!$B$8+N(H14)*'Đơn giá'!$B$9+N(I14)*'Đơn giá'!$B$10))
A15: 3 | B15: Thiết kế hệ thống | C15: =SUM(C16,C17,C18,C19,C20,C21) | D15: =SUM(D16,D17,D18,D19,D20,D21) | E15: =SUM(E16,E17,E18,E19,E20,E21) | F15: =SUM(F16,F17,F18,F19,F20,F21) | G15: =SUM(G16,G17,G18,G19,G20,G21) | H15: =SUM(H16,H17,H18,H19,H20,H21) | I15: =SUM(I16,I17,I18,I19,I20,I21) | J15: =IF(COUNT(C15:I15)=0,"<<THIẾU>>",SUM(C15:I15)) | K15: =IF(COUNT(C15:I15)=0,"<<THIẾU>>",IF(COUNT('Đơn giá'!$B$4:$B$10)<7,"<<THIẾU: đơn giá>>",N(C15)*'Đơn giá'!$B$4+N(D15)*'Đơn giá'!$B$5+N(E15)*'Đơn giá'!$B$6+N(F15)*'Đơn giá'!$B$7+N(G15)*'Đơn giá'!$B$8+N(H15)*'Đơn giá'!$B$9+N(I15)*'Đơn giá'!$B$10))
A16: 3.1 | B16: Thiết kế kiến trúc (HLD) | D16: 56 | J16: =IF(COUNT(C16:I16)=0,"<<THIẾU>>",SUM(C16:I16)) | K16: =IF(COUNT(C16:I16)=0,"<<THIẾU>>",IF(COUNT('Đơn giá'!$B$4:$B$10)<7,"<<THIẾU: đơn giá>>",N(C16)*'Đơn giá'!$B$4+N(D16)*'Đơn giá'!$B$5+N(E16)*'Đơn giá'!$B$6+N(F16)*'Đơn giá'!$B$7+N(G16)*'Đơn giá'!$B$8+N(H16)*'Đơn giá'!$B$9+N(I16)*'Đơn giá'!$B$10))
A17: 3.2 | B17: Thiết kế cơ sở dữ liệu (Database Structure – RFP tr.5) | D17: 12 | E17: 4 | J17: =IF(COUNT(C17:I17)=0,"<<THIẾU>>",SUM(C17:I17)) | K17: =IF(COUNT(C17:I17)=0,"<<THIẾU>>",IF(COUNT('Đơn giá'!$B$4:$B$10)<7,"<<THIẾU: đơn giá>>",N(C17)*'Đơn giá'!$B$4+N(D17)*'Đơn giá'!$B$5+N(E17)*'Đơn giá'!$B$6+N(F17)*'Đơn giá'!$B$7+N(G17)*'Đơn giá'!$B$8+N(H17)*'Đơn giá'!$B$9+N(I17)*'Đơn giá'!$B$10))
A18: 3.3 | B18: Thiết kế giao diện phía khách hàng | E18: 16 | F18: 160 | J18: =IF(COUNT(C18:I18)=0,"<<THIẾU>>",SUM(C18:I18)) | K18: =IF(COUNT(C18:I18)=0,"<<THIẾU>>",IF(COUNT('Đơn giá'!$B$4:$B$10)<7,"<<THIẾU: đơn giá>>",N(C18)*'Đơn giá'!$B$4+N(D18)*'Đơn giá'!$B$5+N(E18)*'Đơn giá'!$B$6+N(F18)*'Đơn giá'!$B$7+N(G18)*'Đơn giá'!$B$8+N(H18)*'Đơn giá'!$B$9+N(I18)*'Đơn giá'!$B$10))
A19: 3.4 | B19: Thiết kế tích hợp hệ thống | D19: 36 | E19: 6 | J19: =IF(COUNT(C19:I19)=0,"<<THIẾU>>",SUM(C19:I19)) | K19: =IF(COUNT(C19:I19)=0,"<<THIẾU>>",IF(COUNT('Đơn giá'!$B$4:$B$10)<7,"<<THIẾU: đơn giá>>",N(C19)*'Đơn giá'!$B$4+N(D19)*'Đơn giá'!$B$5+N(E19)*'Đơn giá'!$B$6+N(F19)*'Đơn giá'!$B$7+N(G19)*'Đơn giá'!$B$8+N(H19)*'Đơn giá'!$B$9+N(I19)*'Đơn giá'!$B$10))
A20: 3.5 | B20: Thiết kế chi tiết (LLD) | G20: 240 | J20: =IF(COUNT(C20:I20)=0,"<<THIẾU>>",SUM(C20:I20)) | K20: =IF(COUNT(C20:I20)=0,"<<THIẾU>>",IF(COUNT('Đơn giá'!$B$4:$B$10)<7,"<<THIẾU: đơn giá>>",N(C20)*'Đơn giá'!$B$4+N(D20)*'Đơn giá'!$B$5+N(E20)*'Đơn giá'!$B$6+N(F20)*'Đơn giá'!$B$7+N(G20)*'Đơn giá'!$B$8+N(H20)*'Đơn giá'!$B$9+N(I20)*'Đơn giá'!$B$10))
A21: 3.6 | B21: Rà soát và phê duyệt thiết kế | C21: 4 | D21: 28 | J21: =IF(COUNT(C21:I21)=0,"<<THIẾU>>",SUM(C21:I21)) | K21: =IF(COUNT(C21:I21)=0,"<<THIẾU>>",IF(COUNT('Đơn giá'!$B$4:$B$10)<7,"<<THIẾU: đơn giá>>",N(C21)*'Đơn giá'!$B$4+N(D21)*'Đơn giá'!$B$5+N(E21)*'Đơn giá'!$B$6+N(F21)*'Đơn giá'!$B$7+N(G21)*'Đơn giá'!$B$8+N(H21)*'Đơn giá'!$B$9+N(I21)*'Đơn giá'!$B$10))
A22: 4 | B22: Xây dựng hệ thống (Construction) | C22: =SUM(C23,C24,C25,C26,C27,C28) | D22: =SUM(D23,D24,D25,D26,D27,D28) | E22: =SUM(E23,E24,E25,E26,E27,E28) | F22: =SUM(F23,F24,F25,F26,F27,F28) | G22: =SUM(G23,G24,G25,G26,G27,G28) | H22: =SUM(H23,H24,H25,H26,H27,H28) | I22: =SUM(I23,I24,I25,I26,I27,I28) | J22: =IF(COUNT(C22:I22)=0,"<<THIẾU>>",SUM(C22:I22)) | K22: =IF(COUNT(C22:I22)=0,"<<THIẾU>>",IF(COUNT('Đơn giá'!$B$4:$B$10)<7,"<<THIẾU: đơn giá>>",N(C22)*'Đơn giá'!$B$4+N(D22)*'Đơn giá'!$B$5+N(E22)*'Đơn giá'!$B$6+N(F22)*'Đơn giá'!$B$7+N(G22)*'Đơn giá'!$B$8+N(H22)*'Đơn giá'!$B$9+N(I22)*'Đơn giá'!$B$10))
A23: 4.1 | B23: Môi trường và khung ứng dụng | G23: 156 | I23: 120 | J23: =IF(COUNT(C23:I23)=0,"<<THIẾU>>",SUM(C23:I23)) | K23: =IF(COUNT(C23:I23)=0,"<<THIẾU>>",IF(COUNT('Đơn giá'!$B$4:$B$10)<7,"<<THIẾU: đơn giá>>",N(C23)*'Đơn giá'!$B$4+N(D23)*'Đơn giá'!$B$5+N(E23)*'Đơn giá'!$B$6+N(F23)*'Đơn giá'!$B$7+N(G23)*'Đơn giá'!$B$8+N(H23)*'Đơn giá'!$B$9+N(I23)*'Đơn giá'!$B$10))
A24: 4.2 | B24: Chức năng Quản lý khách hàng | E24: 12 | G24: 160 | J24: =IF(COUNT(C24:I24)=0,"<<THIẾU>>",SUM(C24:I24)) | K24: =IF(COUNT(C24:I24)=0,"<<THIẾU>>",IF(COUNT('Đơn giá'!$B$4:$B$10)<7,"<<THIẾU: đơn giá>>",N(C24)*'Đơn giá'!$B$4+N(D24)*'Đơn giá'!$B$5+N(E24)*'Đơn giá'!$B$6+N(F24)*'Đơn giá'!$B$7+N(G24)*'Đơn giá'!$B$8+N(H24)*'Đơn giá'!$B$9+N(I24)*'Đơn giá'!$B$10))
A25: 4.3 | B25: Chức năng Quản lý sản phẩm | E25: 12 | G25: 160 | J25: =IF(COUNT(C25:I25)=0,"<<THIẾU>>",SUM(C25:I25)) | K25: =IF(COUNT(C25:I25)=0,"<<THIẾU>>",IF(COUNT('Đơn giá'!$B$4:$B$10)<7,"<<THIẾU: đơn giá>>",N(C25)*'Đơn giá'!$B$4+N(D25)*'Đơn giá'!$B$5+N(E25)*'Đơn giá'!$B$6+N(F25)*'Đơn giá'!$B$7+N(G25)*'Đơn giá'!$B$8+N(H25)*'Đơn giá'!$B$9+N(I25)*'Đơn giá'!$B$10))
A26: 4.4 | B26: Chức năng Quản lý đơn hàng & thanh toán | E26: 12 | G26: 240 | J26: =IF(COUNT(C26:I26)=0,"<<THIẾU>>",SUM(C26:I26)) | K26: =IF(COUNT(C26:I26)=0,"<<THIẾU>>",IF(COUNT('Đơn giá'!$B$4:$B$10)<7,"<<THIẾU: đơn giá>>",N(C26)*'Đơn giá'!$B$4+N(D26)*'Đơn giá'!$B$5+N(E26)*'Đơn giá'!$B$6+N(F26)*'Đơn giá'!$B$7+N(G26)*'Đơn giá'!$B$8+N(H26)*'Đơn giá'!$B$9+N(I26)*'Đơn giá'!$B$10))
A27: 4.5 | B27: Tích hợp hệ thống | E27: 12 | G27: 480 | J27: =IF(COUNT(C27:I27)=0,"<<THIẾU>>",SUM(C27:I27)) | K27: =IF(COUNT(C27:I27)=0,"<<THIẾU>>",IF(COUNT('Đơn giá'!$B$4:$B$10)<7,"<<THIẾU: đơn giá>>",N(C27)*'Đơn giá'!$B$4+N(D27)*'Đơn giá'!$B$5+N(E27)*'Đơn giá'!$B$6+N(F27)*'Đơn giá'!$B$7+N(G27)*'Đơn giá'!$B$8+N(H27)*'Đơn giá'!$B$9+N(I27)*'Đơn giá'!$B$10))
A28: 4.6 | B28: Kiểm soát chất lượng mã nguồn và phát hành | D28: 89 | J28: =IF(COUNT(C28:I28)=0,"<<THIẾU>>",SUM(C28:I28)) | K28: =IF(COUNT(C28:I28)=0,"<<THIẾU>>",IF(COUNT('Đơn giá'!$B$4:$B$10)<7,"<<THIẾU: đơn giá>>",N(C28)*'Đơn giá'!$B$4+N(D28)*'Đơn giá'!$B$5+N(E28)*'Đơn giá'!$B$6+N(F28)*'Đơn giá'!$B$7+N(G28)*'Đơn giá'!$B$8+N(H28)*'Đơn giá'!$B$9+N(I28)*'Đơn giá'!$B$10))
A29: 5 | B29: Kiểm thử (Testing) | C29: =SUM(C30,C31,C32,C33,C34,C35) | D29: =SUM(D30,D31,D32,D33,D34,D35) | E29: =SUM(E30,E31,E32,E33,E34,E35) | F29: =SUM(F30,F31,F32,F33,F34,F35) | G29: =SUM(G30,G31,G32,G33,G34,G35) | H29: =SUM(H30,H31,H32,H33,H34,H35) | I29: =SUM(I30,I31,I32,I33,I34,I35) | J29: =IF(COUNT(C29:I29)=0,"<<THIẾU>>",SUM(C29:I29)) | K29: =IF(COUNT(C29:I29)=0,"<<THIẾU>>",IF(COUNT('Đơn giá'!$B$4:$B$10)<7,"<<THIẾU: đơn giá>>",N(C29)*'Đơn giá'!$B$4+N(D29)*'Đơn giá'!$B$5+N(E29)*'Đơn giá'!$B$6+N(F29)*'Đơn giá'!$B$7+N(G29)*'Đơn giá'!$B$8+N(H29)*'Đơn giá'!$B$9+N(I29)*'Đơn giá'!$B$10))
A30: 5.1 | B30: Chuẩn bị kiểm thử | H30: 192 | J30: =IF(COUNT(C30:I30)=0,"<<THIẾU>>",SUM(C30:I30)) | K30: =IF(COUNT(C30:I30)=0,"<<THIẾU>>",IF(COUNT('Đơn giá'!$B$4:$B$10)<7,"<<THIẾU: đơn giá>>",N(C30)*'Đơn giá'!$B$4+N(D30)*'Đơn giá'!$B$5+N(E30)*'Đơn giá'!$B$6+N(F30)*'Đơn giá'!$B$7+N(G30)*'Đơn giá'!$B$8+N(H30)*'Đơn giá'!$B$9+N(I30)*'Đơn giá'!$B$10))
A31: 5.2 | B31: Kiểm thử tích hợp hệ thống (SIT) | H31: 160 | J31: =IF(COUNT(C31:I31)=0,"<<THIẾU>>",SUM(C31:I31)) | K31: =IF(COUNT(C31:I31)=0,"<<THIẾU>>",IF(COUNT('Đơn giá'!$B$4:$B$10)<7,"<<THIẾU: đơn giá>>",N(C31)*'Đơn giá'!$B$4+N(D31)*'Đơn giá'!$B$5+N(E31)*'Đơn giá'!$B$6+N(F31)*'Đơn giá'!$B$7+N(G31)*'Đơn giá'!$B$8+N(H31)*'Đơn giá'!$B$9+N(I31)*'Đơn giá'!$B$10))
A32: 5.3 | B32: Kiểm thử hiệu năng | H32: 40 | J32: =IF(COUNT(C32:I32)=0,"<<THIẾU>>",SUM(C32:I32)) | K32: =IF(COUNT(C32:I32)=0,"<<THIẾU>>",IF(COUNT('Đơn giá'!$B$4:$B$10)<7,"<<THIẾU: đơn giá>>",N(C32)*'Đơn giá'!$B$4+N(D32)*'Đơn giá'!$B$5+N(E32)*'Đơn giá'!$B$6+N(F32)*'Đơn giá'!$B$7+N(G32)*'Đơn giá'!$B$8+N(H32)*'Đơn giá'!$B$9+N(I32)*'Đơn giá'!$B$10))
A33: 5.4 | B33: Kiểm thử an toàn bảo mật | H33: 16 | J33: =IF(COUNT(C33:I33)=0,"<<THIẾU>>",SUM(C33:I33)) | K33: =IF(COUNT(C33:I33)=0,"<<THIẾU>>",IF(COUNT('Đơn giá'!$B$4:$B$10)<7,"<<THIẾU: đơn giá>>",N(C33)*'Đơn giá'!$B$4+N(D33)*'Đơn giá'!$B$5+N(E33)*'Đơn giá'!$B$6+N(F33)*'Đơn giá'!$B$7+N(G33)*'Đơn giá'!$B$8+N(H33)*'Đơn giá'!$B$9+N(I33)*'Đơn giá'!$B$10))
A34: 5.5 | B34: Sửa lỗi và kiểm thử hồi quy | G34: 160 | H34: 40 | J34: =IF(COUNT(C34:I34)=0,"<<THIẾU>>",SUM(C34:I34)) | K34: =IF(COUNT(C34:I34)=0,"<<THIẾU>>",IF(COUNT('Đơn giá'!$B$4:$B$10)<7,"<<THIẾU: đơn giá>>",N(C34)*'Đơn giá'!$B$4+N(D34)*'Đơn giá'!$B$5+N(E34)*'Đơn giá'!$B$6+N(F34)*'Đơn giá'!$B$7+N(G34)*'Đơn giá'!$B$8+N(H34)*'Đơn giá'!$B$9+N(I34)*'Đơn giá'!$B$10))
A35: 5.6 | B35: Kiểm thử vận hành (UAT – RFP tr.2) | E35: 32 | G35: 80 | H35: 48 | J35: =IF(COUNT(C35:I35)=0,"<<THIẾU>>",SUM(C35:I35)) | K35: =IF(COUNT(C35:I35)=0,"<<THIẾU>>",IF(COUNT('Đơn giá'!$B$4:$B$10)<7,"<<THIẾU: đơn giá>>",N(C35)*'Đơn giá'!$B$4+N(D35)*'Đơn giá'!$B$5+N(E35)*'Đơn giá'!$B$6+N(F35)*'Đơn giá'!$B$7+N(G35)*'Đơn giá'!$B$8+N(H35)*'Đơn giá'!$B$9+N(I35)*'Đơn giá'!$B$10))
A36: 6 | B36: Triển khai và chuyển giao | C36: =SUM(C37,C38,C39,C40) | D36: =SUM(D37,D38,D39,D40) | E36: =SUM(E37,E38,E39,E40) | F36: =SUM(F37,F38,F39,F40) | G36: =SUM(G37,G38,G39,G40) | H36: =SUM(H37,H38,H39,H40) | I36: =SUM(I37,I38,I39,I40) | J36: =IF(COUNT(C36:I36)=0,"<<THIẾU>>",SUM(C36:I36)) | K36: =IF(COUNT(C36:I36)=0,"<<THIẾU>>",IF(COUNT('Đơn giá'!$B$4:$B$10)<7,"<<THIẾU: đơn giá>>",N(C36)*'Đơn giá'!$B$4+N(D36)*'Đơn giá'!$B$5+N(E36)*'Đơn giá'!$B$6+N(F36)*'Đơn giá'!$B$7+N(G36)*'Đơn giá'!$B$8+N(H36)*'Đơn giá'!$B$9+N(I36)*'Đơn giá'!$B$10))
A37: 6.1 | B37: Tài liệu chuyển giao | E37: 32 | I37: 16 | J37: =IF(COUNT(C37:I37)=0,"<<THIẾU>>",SUM(C37:I37)) | K37: =IF(COUNT(C37:I37)=0,"<<THIẾU>>",IF(COUNT('Đơn giá'!$B$4:$B$10)<7,"<<THIẾU: đơn giá>>",N(C37)*'Đơn giá'!$B$4+N(D37)*'Đơn giá'!$B$5+N(E37)*'Đơn giá'!$B$6+N(F37)*'Đơn giá'!$B$7+N(G37)*'Đơn giá'!$B$8+N(H37)*'Đơn giá'!$B$9+N(I37)*'Đơn giá'!$B$10))
A38: 6.2 | B38: Đào tạo | E38: 8 | I38: 8 | J38: =IF(COUNT(C38:I38)=0,"<<THIẾU>>",SUM(C38:I38)) | K38: =IF(COUNT(C38:I38)=0,"<<THIẾU>>",IF(COUNT('Đơn giá'!$B$4:$B$10)<7,"<<THIẾU: đơn giá>>",N(C38)*'Đơn giá'!$B$4+N(D38)*'Đơn giá'!$B$5+N(E38)*'Đơn giá'!$B$6+N(F38)*'Đơn giá'!$B$7+N(G38)*'Đơn giá'!$B$8+N(H38)*'Đơn giá'!$B$9+N(I38)*'Đơn giá'!$B$10))
A39: 6.3 | B39: Go-live | I39: 8 | J39: =IF(COUNT(C39:I39)=0,"<<THIẾU>>",SUM(C39:I39)) | K39: =IF(COUNT(C39:I39)=0,"<<THIẾU>>",IF(COUNT('Đơn giá'!$B$4:$B$10)<7,"<<THIẾU: đơn giá>>",N(C39)*'Đơn giá'!$B$4+N(D39)*'Đơn giá'!$B$5+N(E39)*'Đơn giá'!$B$6+N(F39)*'Đơn giá'!$B$7+N(G39)*'Đơn giá'!$B$8+N(H39)*'Đơn giá'!$B$9+N(I39)*'Đơn giá'!$B$10))
A40: 6.4 | B40: Hỗ trợ sau go-live | C40: 8 | G40: 124 | J40: =IF(COUNT(C40:I40)=0,"<<THIẾU>>",SUM(C40:I40)) | K40: =IF(COUNT(C40:I40)=0,"<<THIẾU>>",IF(COUNT('Đơn giá'!$B$4:$B$10)<7,"<<THIẾU: đơn giá>>",N(C40)*'Đơn giá'!$B$4+N(D40)*'Đơn giá'!$B$5+N(E40)*'Đơn giá'!$B$6+N(F40)*'Đơn giá'!$B$7+N(G40)*'Đơn giá'!$B$8+N(H40)*'Đơn giá'!$B$9+N(I40)*'Đơn giá'!$B$10))
B41: TỔNG CỘNG | C41: =SUM(C4,C9,C15,C22,C29,C36) | D41: =SUM(D4,D9,D15,D22,D29,D36) | E41: =SUM(E4,E9,E15,E22,E29,E36) | F41: =SUM(F4,F9,F15,F22,F29,F36) | G41: =SUM(G4,G9,G15,G22,G29,G36) | H41: =SUM(H4,H9,H15,H22,H29,H36) | I41: =SUM(I4,I9,I15,I22,I29,I36) | J41: =IF(COUNT(C4:I40)=0,"<<THIẾU>>",SUM(C41:I41)) | K41: =IF(COUNT(C4:I40)=0,"<<THIẾU>>",IF(COUNT('Đơn giá'!$B$4:$B$10)<7,"<<THIẾU: đơn giá>>",N(C41)*'Đơn giá'!$B$4+N(D41)*'Đơn giá'!$B$5+N(E41)*'Đơn giá'!$B$6+N(F41)*'Đơn giá'!$B$7+N(G41)*'Đơn giá'!$B$8+N(H41)*'Đơn giá'!$B$9+N(I41)*'Đơn giá'!$B$10))

Sheet Theo tháng
A1: Phân bổ ngày công theo vai trò và chi phí theo tháng
A3: Tháng bắt đầu: 03/2026 | B3: 46174
A5: Nhân sự (Vai trò) | B5: 46097 | C5: 46113 | D5: 46143 | E5: 46174 | F5: 46204 | G5: 46235 | H5: 46249 | I5: Tổng công dự kiến (Giờ) | J5: Chênh lệch so với WBS | K5: Tổng theo WBS | L5: Ghi chú
A6: PM – Quản lý dự án | B6: 13 | C6: 44 | D6: 36 | E6: 30 | F6: 35 | G6: 35 | H6: 27 | I6: =SUM(B6:H6) | J6: =I6-K6 | K6: ='Theo WBS theo vai trò'!C41 | L6: Làm OT thêm so với dự kiến
A7: SA – Kiến trúc hệ thống | B7: 26 | C7: 84 | D7: 74 | E7: 68 | F7: 44 | G7: - | H7: - | I7: =SUM(B7:H7) | J7: =I7-K7 | K7: ='Theo WBS theo vai trò'!D41
A8: BA – Phân tích nghiệp vụ | B8: 24 | C8: 220 | D8: 48 | E8: 40 | F8: 8 | G8: 100 | H8: - | I8: =SUM(B8:H8) | J8: =I8-K8 | K8: ='Theo WBS theo vai trò'!E41
A9: UX – Thiết kế giao diện | B9: 28 | C9: 92 | D9: 40 | E9: - | F9: - | G9: - | H9: - | I9: =SUM(B9:H9) | J9: =I9-K9 | K9: ='Theo WBS theo vai trò'!F41 | L9: Khối lượng công việc quá tải, nhân sự phải OT và thực hiện công việc nhiều hơn thời gian dự kiến
A10: DEV – Lập trình (3) | B10: 38 | C10: 67 | D10: 260 | E10: 600 | F10: 432 | G10: 225 | H10: 150 | I10: =SUM(B10:H10) | J10: =I10-K10 | K10: ='Theo WBS theo vai trò'!G41 | L10: Khối lượng công việc quá tải, nhân sự phải OT và thực hiện công việc nhiều hơn thời gian dự kiến
A11: QA – Kiểm thử (2) | B11: - | C11: - | D11: 99 | E11: 153 | F11: 205 | G11: 102 | H11: - | I11: =SUM(B11:H11) | J11: =I11-K11 | K11: ='Theo WBS theo vai trò'!H41
A12: OPS – Hạ tầng và vận hành | B12: 2 | C12: 8 | D12: 63 | E12: 92 | F12: 29 | G12: 42 | H12: - | I12: =SUM(B12:H12) | J12: =I12-K12 | K12: ='Theo WBS theo vai trò'!I41
A13: Tổng ngày công | B13: =SUM(B6:B12) | C13: =SUM(C6:C12) | D13: =SUM(D6:D12) | E13: =SUM(E6:E12) | F13: =SUM(F6:F12) | I13: =SUM(I6:I12) | J13: =SUM(J6:J12) | K13: =SUM(K6:K12)
A14: Chi phí nhân công (VNĐ) | B14: =IF(COUNT('Đơn giá'!$B$4:$B$10)<7,"<<THIẾU: đơn giá>>",SUMPRODUCT(B6:B12,'Đơn giá'!$B$4:$B$10)) | C14: =IF(COUNT('Đơn giá'!$B$4:$B$10)<7,"<<THIẾU: đơn giá>>",SUMPRODUCT(C6:C12,'Đơn giá'!$B$4:$B$10)) | D14: =IF(COUNT('Đơn giá'!$B$4:$B$10)<7,"<<THIẾU: đơn giá>>",SUMPRODUCT(D6:D12,'Đơn giá'!$B$4:$B$10)) | E14: =IF(COUNT('Đơn giá'!$B$4:$B$10)<7,"<<THIẾU: đơn giá>>",SUMPRODUCT(E6:E12,'Đơn giá'!$B$4:$B$10)) | F14: =IF(COUNT('Đơn giá'!$B$4:$B$10)<7,"<<THIẾU: đơn giá>>",SUMPRODUCT(F6:F12,'Đơn giá'!$B$4:$B$10)) | I14: =IF(COUNT('Đơn giá'!$B$4:$B$10)<7,"<<THIẾU: đơn giá>>",SUMPRODUCT(I6:I12,'Đơn giá'!$B$4:$B$10)) | K14: =IF(COUNT('Đơn giá'!$B$4:$B$10)<7,"<<THIẾU: đơn giá>>",SUMPRODUCT(K6:K12,'Đơn giá'!$B$4:$B$10))
A16: Kiểm tra: phân bổ theo tháng khớp WBS | B16: {=IF(SUMPRODUCT(ABS(J6:J12))=0,"ĐẠT","LỆCH – xem cột chênh lệch")}

Sheet Tổng hợp
A1: Tổng hợp dự toán chi phí nhân công
A3: Vai trò | B3: Ngày công (Giờ) | C3: Đơn giá (VNĐ/Giờ) | D3: Chi phí (VNĐ) | E3: Tỷ trọng
A4: PM – Quản lý dự án | B4: ='Theo WBS theo vai trò'!C41 | C4: =IF('Đơn giá'!B4="","<<THIẾU>>",'Đơn giá'!B4) | D4: =IF(ISNUMBER(C4),B4*C4,"<<THIẾU>>") | E4: =IF(AND(ISNUMBER(D4),ISNUMBER($D$11)),IF($D$11=0,0,D4/$D$11),"")
A5: SA – Kiến trúc hệ thống | B5: ='Theo WBS theo vai trò'!D41 | C5: =IF('Đơn giá'!B5="","<<THIẾU>>",'Đơn giá'!B5) | D5: =IF(ISNUMBER(C5),B5*C5,"<<THIẾU>>") | E5: =IF(AND(ISNUMBER(D5),ISNUMBER($D$11)),IF($D$11=0,0,D5/$D$11),"")
A6: BA – Phân tích nghiệp vụ | B6: ='Theo WBS theo vai trò'!E41 | C6: =IF('Đơn giá'!B6="","<<THIẾU>>",'Đơn giá'!B6) | D6: =IF(ISNUMBER(C6),B6*C6,"<<THIẾU>>") | E6: =IF(AND(ISNUMBER(D6),ISNUMBER($D$11)),IF($D$11=0,0,D6/$D$11),"")
A7: UX – Thiết kế giao diện | B7: ='Theo WBS theo vai trò'!F41 | C7: =IF('Đơn giá'!B7="","<<THIẾU>>",'Đơn giá'!B7) | D7: =IF(ISNUMBER(C7),B7*C7,"<<THIẾU>>") | E7: =IF(AND(ISNUMBER(D7),ISNUMBER($D$11)),IF($D$11=0,0,D7/$D$11),"")
A8: DEV – Lập trình | B8: ='Theo WBS theo vai trò'!G41 | C8: =IF('Đơn giá'!B8="","<<THIẾU>>",'Đơn giá'!B8) | D8: =IF(ISNUMBER(C8),B8*C8,"<<THIẾU>>") | E8: =IF(AND(ISNUMBER(D8),ISNUMBER($D$11)),IF($D$11=0,0,D8/$D$11),"")
A9: QA – Kiểm thử | B9: ='Theo WBS theo vai trò'!H41 | C9: =IF('Đơn giá'!B9="","<<THIẾU>>",'Đơn giá'!B9) | D9: =IF(ISNUMBER(C9),B9*C9,"<<THIẾU>>") | E9: =IF(AND(ISNUMBER(D9),ISNUMBER($D$11)),IF($D$11=0,0,D9/$D$11),"")
A10: OPS – Hạ tầng và vận hành | B10: ='Theo WBS theo vai trò'!I41 | C10: =IF('Đơn giá'!B10="","<<THIẾU>>",'Đơn giá'!B10) | D10: =IF(ISNUMBER(C10),B10*C10,"<<THIẾU>>") | E10: =IF(AND(ISNUMBER(D10),ISNUMBER($D$11)),IF($D$11=0,0,D10/$D$11),"")
A11: Cộng chi phí nhân công | B11: =SUM(B4:B10) | D11: =IF(COUNT(D4:D10)<7,"<<THIẾU>>",SUM(D4:D10))
A12: Chi phí chung và quản lý | D12: 50000000
A13: TỔNG DỰ TOÁN NHÂN SỰ TRƯỚC VAT | D13: =SUM(D11:D12)
A15: Chi phí nhân công theo giai đoạn
A16: Giai đoạn | B16: Ngày công | C16: Chi phí (VNĐ) | D16: Tỷ trọng
A17: 1. Quản lý dự án | B17: ='Theo WBS theo vai trò'!J4 | C17: ='Theo WBS theo vai trò'!K4 | D17: =IF(AND(ISNUMBER(C17),ISNUMBER($D$11)),IF($D$11=0,0,C17/$D$11),"")
A18: 2. Phân tích hệ thống (System Analysis) | B18: ='Theo WBS theo vai trò'!J9 | C18: ='Theo WBS theo vai trò'!K9 | D18: =IF(AND(ISNUMBER(C18),ISNUMBER($D$11)),IF($D$11=0,0,C18/$D$11),"")
A19: 3. Thiết kế hệ thống | B19: ='Theo WBS theo vai trò'!J15 | C19: ='Theo WBS theo vai trò'!K15 | D19: =IF(AND(ISNUMBER(C19),ISNUMBER($D$11)),IF($D$11=0,0,C19/$D$11),"")
A20: 4. Xây dựng hệ thống (Construction) | B20: ='Theo WBS theo vai trò'!J22 | C20: ='Theo WBS theo vai trò'!K22 | D20: =IF(AND(ISNUMBER(C20),ISNUMBER($D$11)),IF($D$11=0,0,C20/$D$11),"")
A21: 5. Kiểm thử (Testing) | B21: ='Theo WBS theo vai trò'!J29 | C21: ='Theo WBS theo vai trò'!K29 | D21: =IF(AND(ISNUMBER(C21),ISNUMBER($D$11)),IF($D$11=0,0,C21/$D$11),"")
A22: 6. Triển khai và chuyển giao (Cut-over) | B22: ='Theo WBS theo vai trò'!J36 | C22: ='Theo WBS theo vai trò'!K36 | D22: =IF(AND(ISNUMBER(C22),ISNUMBER($D$11)),IF($D$11=0,0,C22/$D$11),"")

Sheet Phân lương chi tiết theo nhân s
A1: STT | B1: Vị trí | C1: Định danh nhân sự | D1: Tổng lương (VND)
A2: 1 | B2: PM – Quản lý dự án | C2: Nhân sự PM 01 | D2: 70800000
A3: 2 | B3: SA – Kiến trúc hệ thống | C3: Nhân sự SA 01 | D3: 69720000
A4: 3 | B4: BA – Phân tích nghiệp vụ | C4: Nhân sự BA 01 | D4: 97500000
A5: 4 | B5: UX – Thiết kế giao diện | C5: Nhân sự UX 01 | D5: 46640000
A6: 5 | B6: DEV – Lập trình | C6: Nhân sự DEV 01 | D6: =362400000/3
A7: 6 | B7: DEV – Lập trình | C7: Nhân sự DEV 02 | D7: =362400000/3
A8: 7 | B8: DEV – Lập trình | C8: Nhân sự DEV 03 | D8: =362400000/3
A9: 8 | B9: QA – Kiểm thử (2) | C9: Nhân sự QC 01 | D9: =91440000/2
A10: 9 | B10: QA – Kiểm thử (2) | C10: Nhân sự QC 02 | D10: =91440000/2
A11: 10 | B11: OPS – Hạ tầng và vận hành | C11: Nhân sự OPS 01 | D11: 27720000
B12: Tổng cộng | D12: =SUM(D2:D11)
